number,file_name
13524,정하다
11528,기간
15600,지급
15905,않다
11537,함께
14912,사용
18139,회사
15813,은행
15812,금융
13021,빌리다
7296,이
17885,돈
15215,종료
14618,날
16853,마지못하다
12571,할수없다
14629,잔액
14679,일
14683,기본
14721,하다
14741,끝내다
14808,상담
14814,최고
14815,가장
14898,조사
14914,쓰다
14915,이용
14920,고객
15042,취소권
15132,정보
15133,비교
15213,까지
15247,전자
15261,상황
15267,회원
15273,표시
15391,저축
15392,예금
15393,적금
15409,다만
15559,맞다
15567,그
15599,납입
15636,사람
15651,있다
15683,위험
15695,맞추다
15744,번호
15799,올바르다
15842,희망
15877,종류
15939,로그인
15955,인터넷
15963,통신
15970,사용자
15971,소비자
16007,센터
16027,들
16082,받다
16169,작성
16174,출금
16203,신용
16218,보관소
16245,동의
16317,해지
18,기관
102,습니다
224,에1①
226,에1④
227,에게
270,이나1②③
275,이라도①
390,으로②③
400,은
522,주
1385,급여소득
1721,만기
1837,바리사이파
1854,어음
1962,이익
2150,약정
2583,자산액
3140,로①
3830,제공자
3838,주기적
4494,공인인증서
4682,디스크
4892,보안
4916,소형컴퓨터
5295,입력
5315,찾기
5516,패스워드
5892,노출
6671,개설
7054,적립금
7503,만기일
7701,로그아웃
7730,에서
7745,따라
8196,공동
8306,미래형
8590,현재진행
8605,가계
8693,기준환율
9056,예금계좌
9178,약관
9304,웹브라우저
9384,여러가지
9551,며
9834,을
11204,수표
11409,보다
11526,동안
11527,사이
11545,필요
11645,그룹
11904,위
11905,이상
11913,통장
11914,통하다
12029,개인
12138,말하다
12204,곳
12206,장소
12216,의사
12229,영어
12258,카드
12311,휴대폰
12331,과
12372,꼭
12375,필수
12455,내
12499,읽다
12575,밖에
12584,특별
12586,특별히
12644,영업
12722,중요
12756,소개
12767,현재
12779,접대
12791,이름
12792,명
12797,절대
12822,이
12856,인정
12889,변경
12890,변동
12895,면제
12915,쓰다
12923,한도
12950,전화
12962,다음
13011,상세하다
13042,미리
13087,조건
13102,현재
13150,보내다
13212,전체
13214,모든
13291,이전
13334,전
13336,이전
13337,사정
13360,확장
13380,전자
13406,자유
13425,낮다
13438,목적
13456,자주
13499,선택
13508,본인
13519,국민
13547,수
13561,이하
13582,결과
13617,구분
13848,종이
13851,거래
13874,첼로
13913,계약
13914,맺다
13916,예약
13961,정확
13968,확실하다
14042,가능
14142,설명
14151,조심
14152,주의
14176,내용
14178,내역
14179,사항
14197,안내
14220,제출
14244,"았,었"
14263,말다
14306,은메달
14320,때
14321,경우
14322,시기
14354,자신
14360,충분하다
14374,이후
14375,후
14380,구역
14381,지역
14389,주고받다
14409,중지
14464,수단
14472,가입
14473,등록
14502,우리
14548,증명
14561,중도
14572,제시
14580,서류
14581,문서
14619,일자
16393,개월
16418,사업
16427,원금
16443,시
16526,그러나
16540,실명
16698,글자
16804,투자
16841,이것
16846,자동
16889,변하다
16894,높다
16898,또
16899,그리고
16974,방법
16976,방식
17032,규칙
17134,월
17194,목차
17288,알리다
17391,상품
17446,복리
17496,내주다
17498,제공
17506,다르다
17578,일반
17618,성공
17639,금리
17701,되다
17723,계산
17739,안전
17747,기계
17851,특성
17884,금액
17891,수수료
17896,메뉴
17903,타인
18002,이해
18018,권리
18086,위하다
18144,강요
18168,연
18245,고시
18258,판매
18301,바라다
18306,원
18339,회사원
18374,요구
18403,주민등록증
